{
  "Look at Product" : {
    "transaction" : "Look at Product",
    "sampleCount" : 1942,
    "errorCount" : 0,
    "errorPct" : 0.0,
    "meanResTime" : 1202.4176107106093,
    "medianResTime" : 1172.0,
    "minResTime" : 213.0,
    "maxResTime" : 3801.0,
    "pct1ResTime" : 1526.7,
    "pct2ResTime" : 1694.6999999999998,
    "pct3ResTime" : 2395.9699999999984,
    "throughput" : 8.11025266235122,
    "receivedKBytesPerSec" : 937.8921013651076,
    "sentKBytesPerSec" : 1.76432155721445
  },
  "Add Product to Cart" : {
    "transaction" : "Add Product to Cart",
    "sampleCount" : 1928,
    "errorCount" : 0,
    "errorPct" : 0.0,
    "meanResTime" : 518.2370331950202,
    "medianResTime" : 497.0,
    "minResTime" : 108.0,
    "maxResTime" : 2302.0,
    "pct1ResTime" : 646.2000000000003,
    "pct2ResTime" : 748.6499999999999,
    "pct3ResTime" : 1313.340000000002,
    "throughput" : 8.087553640867315,
    "receivedKBytesPerSec" : 77.3372316907937,
    "sentKBytesPerSec" : 1.6822743413132208
  },
  "Total" : {
    "transaction" : "Total",
    "sampleCount" : 15536,
    "errorCount" : 0,
    "errorPct" : 0.0,
    "meanResTime" : 756.797760041197,
    "medianResTime" : 560.0,
    "minResTime" : 84.0,
    "maxResTime" : 3801.0,
    "pct1ResTime" : 1369.0,
    "pct2ResTime" : 1565.0,
    "pct3ResTime" : 2041.5199999999968,
    "throughput" : 64.73603066794449,
    "receivedKBytesPerSec" : 3181.5993472384266,
    "sentKBytesPerSec" : 13.795952435518146
  },
  "Logout" : {
    "transaction" : "Logout",
    "sampleCount" : 1920,
    "errorCount" : 0,
    "errorPct" : 0.0,
    "meanResTime" : 478.24895833333323,
    "medianResTime" : 469.0,
    "minResTime" : 90.0,
    "maxResTime" : 2198.0,
    "pct1ResTime" : 598.0,
    "pct2ResTime" : 667.9499999999998,
    "pct3ResTime" : 972.9499999999998,
    "throughput" : 8.055853920515576,
    "receivedKBytesPerSec" : 71.73171488990333,
    "sentKBytesPerSec" : 1.6442123724489794
  },
  "List Products with different page" : {
    "transaction" : "List Products with different page",
    "sampleCount" : 1934,
    "errorCount" : 0,
    "errorPct" : 0.0,
    "meanResTime" : 991.7425025853154,
    "medianResTime" : 981.0,
    "minResTime" : 173.0,
    "maxResTime" : 3603.0,
    "pct1ResTime" : 1257.0,
    "pct2ResTime" : 1391.0,
    "pct3ResTime" : 2009.0500000000015,
    "throughput" : 8.09306607523957,
    "receivedKBytesPerSec" : 935.7625058192451,
    "sentKBytesPerSec" : 1.8572954371887684
  },
  "Add Product 2 to Cart" : {
    "transaction" : "Add Product 2 to Cart",
    "sampleCount" : 1924,
    "errorCount" : 0,
    "errorPct" : 0.0,
    "meanResTime" : 503.19646569646596,
    "medianResTime" : 486.5,
    "minResTime" : 104.0,
    "maxResTime" : 2257.0,
    "pct1ResTime" : 629.0,
    "pct2ResTime" : 702.75,
    "pct3ResTime" : 1108.75,
    "throughput" : 8.071519367031787,
    "receivedKBytesPerSec" : 77.18390394724146,
    "sentKBytesPerSec" : 1.6789390870876666
  },
  "Login" : {
    "transaction" : "Login",
    "sampleCount" : 1963,
    "errorCount" : 0,
    "errorPct" : 0.0,
    "meanResTime" : 502.7865511971467,
    "medianResTime" : 493.0,
    "minResTime" : 91.0,
    "maxResTime" : 2824.0,
    "pct1ResTime" : 634.0,
    "pct2ResTime" : 718.5999999999999,
    "pct3ResTime" : 1049.2399999999966,
    "throughput" : 8.197611292073832,
    "receivedKBytesPerSec" : 72.99396461047773,
    "sentKBytesPerSec" : 1.673145273479913
  },
  "List Products" : {
    "transaction" : "List Products",
    "sampleCount" : 1958,
    "errorCount" : 0,
    "errorPct" : 0.0,
    "meanResTime" : 1379.1899897854942,
    "medianResTime" : 1358.5,
    "minResTime" : 219.0,
    "maxResTime" : 3201.0,
    "pct1ResTime" : 1835.5000000000007,
    "pct2ResTime" : 2008.1999999999998,
    "pct3ResTime" : 2442.05,
    "throughput" : 8.17297658304462,
    "receivedKBytesPerSec" : 945.1505235943566,
    "sentKBytesPerSec" : 1.8756342744291856
  },
  "Home" : {
    "transaction" : "Home",
    "sampleCount" : 1967,
    "errorCount" : 0,
    "errorPct" : 0.0,
    "meanResTime" : 473.5699034062025,
    "medianResTime" : 473.0,
    "minResTime" : 84.0,
    "maxResTime" : 2950.0,
    "pct1ResTime" : 596.0,
    "pct2ResTime" : 675.5999999999999,
    "pct3ResTime" : 783.3199999999999,
    "throughput" : 8.201540238415898,
    "receivedKBytesPerSec" : 73.02894911511343,
    "sentKBytesPerSec" : 1.6739471775673072
  }
}