{
  "Look at Product" : {
    "transaction" : "Look at Product",
    "sampleCount" : 1908,
    "errorCount" : 0,
    "errorPct" : 0.0,
    "meanResTime" : 1394.9051362683442,
    "medianResTime" : 1342.5,
    "minResTime" : 173.0,
    "maxResTime" : 6892.0,
    "pct1ResTime" : 2279.1000000000004,
    "pct2ResTime" : 2823.55,
    "pct3ResTime" : 4188.850000000003,
    "throughput" : 8.030742422775656,
    "receivedKBytesPerSec" : 920.769775749252,
    "sentKBytesPerSec" : 1.747053283376195
  },
  "Add Product to Cart" : {
    "transaction" : "Add Product to Cart",
    "sampleCount" : 1873,
    "errorCount" : 0,
    "errorPct" : 0.0,
    "meanResTime" : 681.3812066203957,
    "medianResTime" : 637.0,
    "minResTime" : 89.0,
    "maxResTime" : 4165.0,
    "pct1ResTime" : 1114.2000000000003,
    "pct2ResTime" : 1164.6,
    "pct3ResTime" : 2131.16,
    "throughput" : 7.903487155250988,
    "receivedKBytesPerSec" : 75.57709592208757,
    "sentKBytesPerSec" : 1.6439870742856058
  },
  "Total" : {
    "transaction" : "Total",
    "sampleCount" : 15211,
    "errorCount" : 0,
    "errorPct" : 0.0,
    "meanResTime" : 951.3532969561511,
    "medianResTime" : 824.0,
    "minResTime" : 82.0,
    "maxResTime" : 10807.0,
    "pct1ResTime" : 1827.800000000001,
    "pct2ResTime" : 2286.7999999999993,
    "pct3ResTime" : 3493.1599999999944,
    "throughput" : 63.82193131516563,
    "receivedKBytesPerSec" : 3119.1440258721964,
    "sentKBytesPerSec" : 13.602554571296704
  },
  "Logout" : {
    "transaction" : "Logout",
    "sampleCount" : 1858,
    "errorCount" : 0,
    "errorPct" : 0.0,
    "meanResTime" : 654.3304628632932,
    "medianResTime" : 613.5,
    "minResTime" : 82.0,
    "maxResTime" : 3402.0,
    "pct1ResTime" : 1116.0,
    "pct2ResTime" : 1157.0,
    "pct3ResTime" : 1560.3100000000074,
    "throughput" : 7.846548869894254,
    "receivedKBytesPerSec" : 69.86800058173418,
    "sentKBytesPerSec" : 1.6014928845780263
  },
  "List Products with different page" : {
    "transaction" : "List Products with different page",
    "sampleCount" : 1882,
    "errorCount" : 0,
    "errorPct" : 0.0,
    "meanResTime" : 1200.5494155154097,
    "medianResTime" : 1116.0,
    "minResTime" : 161.0,
    "maxResTime" : 7079.0,
    "pct1ResTime" : 2003.1000000000001,
    "pct2ResTime" : 2331.7999999999993,
    "pct3ResTime" : 3923.310000000003,
    "throughput" : 7.922009041697885,
    "receivedKBytesPerSec" : 908.0564798966392,
    "sentKBytesPerSec" : 1.8180391843740267
  },
  "Add Product 2 to Cart" : {
    "transaction" : "Add Product 2 to Cart",
    "sampleCount" : 1866,
    "errorCount" : 0,
    "errorPct" : 0.0,
    "meanResTime" : 670.0160771704172,
    "medianResTime" : 622.5,
    "minResTime" : 91.0,
    "maxResTime" : 3116.0,
    "pct1ResTime" : 1122.6,
    "pct2ResTime" : 1176.0,
    "pct3ResTime" : 1647.949999999999,
    "throughput" : 7.880533477486001,
    "receivedKBytesPerSec" : 75.35760137845988,
    "sentKBytesPerSec" : 1.6392125299848808
  },
  "Login" : {
    "transaction" : "Login",
    "sampleCount" : 1944,
    "errorCount" : 0,
    "errorPct" : 0.0,
    "meanResTime" : 690.521604938272,
    "medianResTime" : 633.0,
    "minResTime" : 90.0,
    "maxResTime" : 4803.0,
    "pct1ResTime" : 1132.0,
    "pct2ResTime" : 1192.0,
    "pct3ResTime" : 2621.75,
    "throughput" : 8.17005824948937,
    "receivedKBytesPerSec" : 72.96118907128628,
    "sentKBytesPerSec" : 1.6685887474678702
  },
  "List Products" : {
    "transaction" : "List Products",
    "sampleCount" : 1933,
    "errorCount" : 0,
    "errorPct" : 0.0,
    "meanResTime" : 1638.3300569063672,
    "medianResTime" : 1550.0,
    "minResTime" : 200.0,
    "maxResTime" : 10807.0,
    "pct1ResTime" : 2768.6000000000004,
    "pct2ResTime" : 3294.8999999999996,
    "pct3ResTime" : 4745.4000000000115,
    "throughput" : 8.117108075535716,
    "receivedKBytesPerSec" : 931.8899828789594,
    "sentKBytesPerSec" : 1.8628128884286068
  },
  "Home" : {
    "transaction" : "Home",
    "sampleCount" : 1947,
    "errorCount" : 0,
    "errorPct" : 0.0,
    "meanResTime" : 666.9917822290704,
    "medianResTime" : 605.0,
    "minResTime" : 83.0,
    "maxResTime" : 5110.0,
    "pct1ResTime" : 1117.2,
    "pct2ResTime" : 1171.1999999999998,
    "pct3ResTime" : 2111.2399999999943,
    "throughput" : 8.183251024482505,
    "receivedKBytesPerSec" : 72.86609652464011,
    "sentKBytesPerSec" : 1.670214320426605
  }
}