{
  "Look at Product" : {
    "transaction" : "Look at Product",
    "sampleCount" : 1985,
    "errorCount" : 6,
    "errorPct" : 0.30226701,
    "meanResTime" : 5265.681108312347,
    "medianResTime" : 4649.0,
    "minResTime" : 0.0,
    "maxResTime" : 31304.0,
    "pct1ResTime" : 8852.0,
    "pct2ResTime" : 10741.19999999997,
    "pct3ResTime" : 14909.719999999994,
    "throughput" : 8.245067497403946,
    "receivedKBytesPerSec" : 951.6847903686397,
    "sentKBytesPerSec" : 1.7883080218068537
  },
  "Add Product to Cart" : {
    "transaction" : "Add Product to Cart",
    "sampleCount" : 1900,
    "errorCount" : 4,
    "errorPct" : 0.21052632,
    "meanResTime" : 1499.913684210527,
    "medianResTime" : 1158.0,
    "minResTime" : 0.0,
    "maxResTime" : 7433.0,
    "pct1ResTime" : 2893.600000000006,
    "pct2ResTime" : 3730.749999999999,
    "pct3ResTime" : 4896.97,
    "throughput" : 7.954250500280492,
    "receivedKBytesPerSec" : 75.93761381904498,
    "sentKBytesPerSec" : 1.6510629913842907
  },
  "Total" : {
    "transaction" : "Total",
    "sampleCount" : 15749,
    "errorCount" : 15,
    "errorPct" : 0.09524414,
    "meanResTime" : 3003.610641945517,
    "medianResTime" : 1634.0,
    "minResTime" : 0.0,
    "maxResTime" : 38573.0,
    "pct1ResTime" : 6556.0,
    "pct2ResTime" : 8433.5,
    "pct3ResTime" : 13174.5,
    "throughput" : 65.29084253336264,
    "receivedKBytesPerSec" : 3233.162500246152,
    "sentKBytesPerSec" : 13.92465421510242
  },
  "Logout" : {
    "transaction" : "Logout",
    "sampleCount" : 1879,
    "errorCount" : 0,
    "errorPct" : 0.0,
    "meanResTime" : 1567.3251729643428,
    "medianResTime" : 1158.0,
    "minResTime" : 335.0,
    "maxResTime" : 7960.0,
    "pct1ResTime" : 3349.0,
    "pct2ResTime" : 3756.0,
    "pct3ResTime" : 4923.800000000002,
    "throughput" : 7.918146841801411,
    "receivedKBytesPerSec" : 70.50553017924342,
    "sentKBytesPerSec" : 1.616106142516108
  },
  "List Products with different page" : {
    "transaction" : "List Products with different page",
    "sampleCount" : 1939,
    "errorCount" : 4,
    "errorPct" : 0.2062919,
    "meanResTime" : 4939.381640020626,
    "medianResTime" : 4266.0,
    "minResTime" : 0.0,
    "maxResTime" : 25086.0,
    "pct1ResTime" : 8466.0,
    "pct2ResTime" : 10410.0,
    "pct3ResTime" : 14991.399999999981,
    "throughput" : 8.070558071390517,
    "receivedKBytesPerSec" : 931.1423365207321,
    "sentKBytesPerSec" : 1.8483092318714205
  },
  "Add Product 2 to Cart" : {
    "transaction" : "Add Product 2 to Cart",
    "sampleCount" : 1888,
    "errorCount" : 0,
    "errorPct" : 0.0,
    "meanResTime" : 1499.4020127118615,
    "medianResTime" : 1158.0,
    "minResTime" : 299.0,
    "maxResTime" : 7685.0,
    "pct1ResTime" : 2669.7000000000035,
    "pct2ResTime" : 3673.0499999999993,
    "pct3ResTime" : 5209.139999999992,
    "throughput" : 7.9118963407479415,
    "receivedKBytesPerSec" : 75.6575087584022,
    "sentKBytesPerSec" : 1.6457362505657342
  },
  "Login" : {
    "transaction" : "Login",
    "sampleCount" : 2051,
    "errorCount" : 1,
    "errorPct" : 0.048756704,
    "meanResTime" : 1570.9268649439277,
    "medianResTime" : 1155.0,
    "minResTime" : 0.0,
    "maxResTime" : 16961.0,
    "pct1ResTime" : 3067.9999999999986,
    "pct2ResTime" : 4426.199999999999,
    "pct3ResTime" : 6290.560000000003,
    "throughput" : 8.530442992434482,
    "receivedKBytesPerSec" : 80.19320058758574,
    "sentKBytesPerSec" : 1.761632918526159
  },
  "List Products" : {
    "transaction" : "List Products",
    "sampleCount" : 2040,
    "errorCount" : 0,
    "errorPct" : 0.0,
    "meanResTime" : 5790.450000000007,
    "medianResTime" : 5041.5,
    "minResTime" : 209.0,
    "maxResTime" : 38573.0,
    "pct1ResTime" : 9715.6,
    "pct2ResTime" : 11543.499999999998,
    "pct3ResTime" : 16949.21,
    "throughput" : 8.464519555529737,
    "receivedKBytesPerSec" : 981.0536599062887,
    "sentKBytesPerSec" : 1.9425411089350473
  },
  "Home" : {
    "transaction" : "Home",
    "sampleCount" : 2067,
    "errorCount" : 0,
    "errorPct" : 0.0,
    "meanResTime" : 1748.3434929850025,
    "medianResTime" : 1147.0,
    "minResTime" : 84.0,
    "maxResTime" : 31173.0,
    "pct1ResTime" : 4120.6,
    "pct2ResTime" : 5306.2,
    "pct3ResTime" : 9596.839999999976,
    "throughput" : 8.582710841122271,
    "receivedKBytesPerSec" : 76.42300532163367,
    "sentKBytesPerSec" : 1.7517446931587448
  }
}