{
  "Look at Product" : {
    "transaction" : "Look at Product",
    "sampleCount" : 1876,
    "errorCount" : 0,
    "errorPct" : 0.0,
    "meanResTime" : 749.5101279317701,
    "medianResTime" : 678.5,
    "minResTime" : 180.0,
    "maxResTime" : 2990.0,
    "pct1ResTime" : 1298.3,
    "pct2ResTime" : 1443.5999999999995,
    "pct3ResTime" : 1801.7600000000002,
    "throughput" : 7.94719941709241,
    "receivedKBytesPerSec" : 912.9624451075053,
    "sentKBytesPerSec" : 1.728992781964602
  },
  "Add Product to Cart" : {
    "transaction" : "Add Product to Cart",
    "sampleCount" : 1854,
    "errorCount" : 0,
    "errorPct" : 0.0,
    "meanResTime" : 322.65965480043207,
    "medianResTime" : 307.0,
    "minResTime" : 83.0,
    "maxResTime" : 1657.0,
    "pct1ResTime" : 523.0,
    "pct2ResTime" : 600.25,
    "pct3ResTime" : 814.4000000000015,
    "throughput" : 7.892115546701403,
    "receivedKBytesPerSec" : 75.46835491533216,
    "sentKBytesPerSec" : 1.6416216908666001
  },
  "Total" : {
    "transaction" : "Total",
    "sampleCount" : 14962,
    "errorCount" : 0,
    "errorPct" : 0.0,
    "meanResTime" : 479.6209062959514,
    "medianResTime" : 381.0,
    "minResTime" : 76.0,
    "maxResTime" : 2990.0,
    "pct1ResTime" : 990.7000000000007,
    "pct2ResTime" : 1224.0,
    "pct3ResTime" : 1626.0,
    "throughput" : 63.26346811668351,
    "receivedKBytesPerSec" : 3094.216634045076,
    "sentKBytesPerSec" : 13.482610091098211
  },
  "Logout" : {
    "transaction" : "Logout",
    "sampleCount" : 1848,
    "errorCount" : 0,
    "errorPct" : 0.0,
    "meanResTime" : 306.30086580086623,
    "medianResTime" : 301.0,
    "minResTime" : 76.0,
    "maxResTime" : 1184.0,
    "pct1ResTime" : 490.0,
    "pct2ResTime" : 550.0,
    "pct3ResTime" : 700.1199999999999,
    "throughput" : 7.866608206302651,
    "receivedKBytesPerSec" : 70.04661486823005,
    "sentKBytesPerSec" : 1.6055870264816936
  },
  "List Products with different page" : {
    "transaction" : "List Products with different page",
    "sampleCount" : 1863,
    "errorCount" : 0,
    "errorPct" : 0.0,
    "meanResTime" : 642.1454643048845,
    "medianResTime" : 596.0,
    "minResTime" : 136.0,
    "maxResTime" : 2381.0,
    "pct1ResTime" : 1111.0,
    "pct2ResTime" : 1244.0,
    "pct3ResTime" : 1530.599999999999,
    "throughput" : 7.9269512086154,
    "receivedKBytesPerSec" : 909.8302443917246,
    "sentKBytesPerSec" : 1.8191733730709172
  },
  "Add Product 2 to Cart" : {
    "transaction" : "Add Product 2 to Cart",
    "sampleCount" : 1851,
    "errorCount" : 0,
    "errorPct" : 0.0,
    "meanResTime" : 315.8044300378181,
    "medianResTime" : 307.0,
    "minResTime" : 85.0,
    "maxResTime" : 1952.0,
    "pct1ResTime" : 502.79999999999995,
    "pct2ResTime" : 558.0,
    "pct3ResTime" : 710.2800000000002,
    "throughput" : 7.879479298807224,
    "receivedKBytesPerSec" : 75.34752079484407,
    "sentKBytesPerSec" : 1.6389932525839244
  },
  "Login" : {
    "transaction" : "Login",
    "sampleCount" : 1891,
    "errorCount" : 0,
    "errorPct" : 0.0,
    "meanResTime" : 323.72554204124725,
    "medianResTime" : 318.0,
    "minResTime" : 89.0,
    "maxResTime" : 1723.0,
    "pct1ResTime" : 508.79999999999995,
    "pct2ResTime" : 565.0,
    "pct3ResTime" : 656.0,
    "throughput" : 8.009759114224842,
    "receivedKBytesPerSec" : 71.32127305029502,
    "sentKBytesPerSec" : 1.634804350461906
  },
  "List Products" : {
    "transaction" : "List Products",
    "sampleCount" : 1886,
    "errorCount" : 0,
    "errorPct" : 0.0,
    "meanResTime" : 868.2179215270403,
    "medianResTime" : 817.0,
    "minResTime" : 184.0,
    "maxResTime" : 2798.0,
    "pct1ResTime" : 1476.3,
    "pct2ResTime" : 1655.6499999999999,
    "pct3ResTime" : 2221.5199999999995,
    "throughput" : 7.9851305522272416,
    "receivedKBytesPerSec" : 918.2144442255461,
    "sentKBytesPerSec" : 1.8325250779037128
  },
  "Home" : {
    "transaction" : "Home",
    "sampleCount" : 1893,
    "errorCount" : 0,
    "errorPct" : 0.0,
    "meanResTime" : 303.8864236661376,
    "medianResTime" : 300.0,
    "minResTime" : 76.0,
    "maxResTime" : 1425.0,
    "pct1ResTime" : 482.0,
    "pct2ResTime" : 541.3,
    "pct3ResTime" : 633.0,
    "throughput" : 8.018468315825144,
    "receivedKBytesPerSec" : 71.39882236688834,
    "sentKBytesPerSec" : 1.6365819121166554
  }
}