{
  "Look at Product" : {
    "transaction" : "Look at Product",
    "sampleCount" : 2022,
    "errorCount" : 0,
    "errorPct" : 0.0,
    "meanResTime" : 2145.229970326415,
    "medianResTime" : 1995.5,
    "minResTime" : 206.0,
    "maxResTime" : 8360.0,
    "pct1ResTime" : 3152.500000000001,
    "pct2ResTime" : 3887.5999999999985,
    "pct3ResTime" : 5509.3499999999985,
    "throughput" : 8.445727222224543,
    "receivedKBytesPerSec" : 972.7984732256976,
    "sentKBytesPerSec" : 1.8372481710322417
  },
  "Add Product to Cart" : {
    "transaction" : "Add Product to Cart",
    "sampleCount" : 1992,
    "errorCount" : 0,
    "errorPct" : 0.0,
    "meanResTime" : 1012.6907630522076,
    "medianResTime" : 998.0,
    "minResTime" : 124.0,
    "maxResTime" : 5068.0,
    "pct1ResTime" : 1143.0,
    "pct2ResTime" : 1218.0,
    "pct3ResTime" : 3168.4199999999996,
    "throughput" : 8.347616194040171,
    "receivedKBytesPerSec" : 79.82407985550914,
    "sentKBytesPerSec" : 1.7363693841118715
  },
  "Total" : {
    "transaction" : "Total",
    "sampleCount" : 16158,
    "errorCount" : 0,
    "errorPct" : 0.0,
    "meanResTime" : 1457.1947642035002,
    "medianResTime" : 1078.0,
    "minResTime" : 81.0,
    "maxResTime" : 12158.0,
    "pct1ResTime" : 2619.0,
    "pct2ResTime" : 3218.0,
    "pct3ResTime" : 4819.869999999999,
    "throughput" : 67.3219144122561,
    "receivedKBytesPerSec" : 3296.5743871504847,
    "sentKBytesPerSec" : 14.346962059811842
  },
  "Logout" : {
    "transaction" : "Logout",
    "sampleCount" : 1981,
    "errorCount" : 0,
    "errorPct" : 0.0,
    "meanResTime" : 1010.7112569409386,
    "medianResTime" : 981.0,
    "minResTime" : 98.0,
    "maxResTime" : 4419.0,
    "pct1ResTime" : 1135.0,
    "pct2ResTime" : 1236.8999999999999,
    "pct3ResTime" : 3131.54,
    "throughput" : 8.316331242705893,
    "receivedKBytesPerSec" : 74.05108229589095,
    "sentKBytesPerSec" : 1.6973762009038396
  },
  "List Products with different page" : {
    "transaction" : "List Products with different page",
    "sampleCount" : 2002,
    "errorCount" : 0,
    "errorPct" : 0.0,
    "meanResTime" : 1873.1838161838161,
    "medianResTime" : 1600.0,
    "minResTime" : 151.0,
    "maxResTime" : 8509.0,
    "pct1ResTime" : 2833.9000000000005,
    "pct2ResTime" : 3334.7,
    "pct3ResTime" : 5424.0,
    "throughput" : 8.366801934143822,
    "receivedKBytesPerSec" : 963.2099477427502,
    "sentKBytesPerSec" : 1.920115678245897
  },
  "Add Product 2 to Cart" : {
    "transaction" : "Add Product 2 to Cart",
    "sampleCount" : 1987,
    "errorCount" : 0,
    "errorPct" : 0.0,
    "meanResTime" : 1044.3140412682437,
    "medianResTime" : 999.0,
    "minResTime" : 102.0,
    "maxResTime" : 4971.0,
    "pct1ResTime" : 1166.0,
    "pct2ResTime" : 1253.6,
    "pct3ResTime" : 3325.519999999995,
    "throughput" : 8.333787700218515,
    "receivedKBytesPerSec" : 79.69184488333956,
    "sentKBytesPerSec" : 1.7334929493618592
  },
  "Login" : {
    "transaction" : "Login",
    "sampleCount" : 2059,
    "errorCount" : 0,
    "errorPct" : 0.0,
    "meanResTime" : 1026.4439048081563,
    "medianResTime" : 999.0,
    "minResTime" : 83.0,
    "maxResTime" : 4827.0,
    "pct1ResTime" : 1164.0,
    "pct2ResTime" : 1243.0,
    "pct3ResTime" : 3768.000000000026,
    "throughput" : 8.582241970039263,
    "receivedKBytesPerSec" : 76.49585990969682,
    "sentKBytesPerSec" : 1.7520356903932244
  },
  "List Products" : {
    "transaction" : "List Products",
    "sampleCount" : 2045,
    "errorCount" : 0,
    "errorPct" : 0.0,
    "meanResTime" : 2536.3916870415674,
    "medianResTime" : 2364.0,
    "minResTime" : 196.0,
    "maxResTime" : 12158.0,
    "pct1ResTime" : 3726.0000000000005,
    "pct2ResTime" : 4295.499999999997,
    "pct3ResTime" : 6332.24,
    "throughput" : 8.528188896256355,
    "receivedKBytesPerSec" : 981.5408498162999,
    "sentKBytesPerSec" : 1.9571527252150813
  },
  "Home" : {
    "transaction" : "Home",
    "sampleCount" : 2070,
    "errorCount" : 0,
    "errorPct" : 0.0,
    "meanResTime" : 996.4560386473424,
    "medianResTime" : 981.0,
    "minResTime" : 81.0,
    "maxResTime" : 7893.0,
    "pct1ResTime" : 1141.0,
    "pct2ResTime" : 1244.5999999999985,
    "pct3ResTime" : 3604.929999999992,
    "throughput" : 8.62866718355301,
    "receivedKBytesPerSec" : 76.83221423792612,
    "sentKBytesPerSec" : 1.7611244544556437
  }
}