{
  "Look at Product" : {
    "transaction" : "Look at Product",
    "sampleCount" : 1969,
    "errorCount" : 1,
    "errorPct" : 0.050787203,
    "meanResTime" : 3194.357034027423,
    "medianResTime" : 2327.0,
    "minResTime" : 205.0,
    "maxResTime" : 19770.0,
    "pct1ResTime" : 6818.0,
    "pct2ResTime" : 8497.5,
    "pct3ResTime" : 12302.999999999996,
    "throughput" : 8.251544283427345,
    "receivedKBytesPerSec" : 958.2430621508598,
    "sentKBytesPerSec" : 1.7942497378175524
  },
  "Add Product to Cart" : {
    "transaction" : "Add Product to Cart",
    "sampleCount" : 1877,
    "errorCount" : 0,
    "errorPct" : 0.0,
    "meanResTime" : 1084.2051145444875,
    "medianResTime" : 1035.0,
    "minResTime" : 85.0,
    "maxResTime" : 5742.0,
    "pct1ResTime" : 1685.0000000000007,
    "pct2ResTime" : 3182.8999999999983,
    "pct3ResTime" : 4016.180000000003,
    "throughput" : 7.8990337676329,
    "receivedKBytesPerSec" : 75.5345104029896,
    "sentKBytesPerSec" : 1.6430607348689528
  },
  "Total" : {
    "transaction" : "Total",
    "sampleCount" : 15544,
    "errorCount" : 1,
    "errorPct" : 0.0064333505,
    "meanResTime" : 1879.8903757076705,
    "medianResTime" : 1120.0,
    "minResTime" : 81.0,
    "maxResTime" : 20558.0,
    "pct1ResTime" : 4472.0,
    "pct2ResTime" : 6240.25,
    "pct3ResTime" : 10010.599999999991,
    "throughput" : 64.98925486457784,
    "receivedKBytesPerSec" : 3244.6534572969713,
    "sentKBytesPerSec" : 13.884076399167148
  },
  "Logout" : {
    "transaction" : "Logout",
    "sampleCount" : 1846,
    "errorCount" : 0,
    "errorPct" : 0.0,
    "meanResTime" : 1061.6955579631629,
    "medianResTime" : 1026.0,
    "minResTime" : 81.0,
    "maxResTime" : 7939.0,
    "pct1ResTime" : 1641.0,
    "pct2ResTime" : 2837.649999999994,
    "pct3ResTime" : 4392.3899999999985,
    "throughput" : 7.767692961527619,
    "receivedKBytesPerSec" : 69.16584416328986,
    "sentKBytesPerSec" : 1.5853982704680392
  },
  "List Products with different page" : {
    "transaction" : "List Products with different page",
    "sampleCount" : 1927,
    "errorCount" : 0,
    "errorPct" : 0.0,
    "meanResTime" : 2923.375713544369,
    "medianResTime" : 2052.0,
    "minResTime" : 172.0,
    "maxResTime" : 18266.0,
    "pct1ResTime" : 6431.0,
    "pct2ResTime" : 7954.4,
    "pct3ResTime" : 12582.760000000007,
    "throughput" : 8.088176655515868,
    "receivedKBytesPerSec" : 938.6070022854241,
    "sentKBytesPerSec" : 1.8561733535607705
  },
  "Add Product 2 to Cart" : {
    "transaction" : "Add Product 2 to Cart",
    "sampleCount" : 1864,
    "errorCount" : 0,
    "errorPct" : 0.0,
    "meanResTime" : 1076.8041845493556,
    "medianResTime" : 1036.0,
    "minResTime" : 90.0,
    "maxResTime" : 6623.0,
    "pct1ResTime" : 1720.5,
    "pct2ResTime" : 3070.75,
    "pct3ResTime" : 4097.299999999998,
    "throughput" : 7.843467283820744,
    "receivedKBytesPerSec" : 75.00315590153588,
    "sentKBytesPerSec" : 1.6315024721228697
  },
  "Login" : {
    "transaction" : "Login",
    "sampleCount" : 2020,
    "errorCount" : 0,
    "errorPct" : 0.0,
    "meanResTime" : 1063.9485148514866,
    "medianResTime" : 1026.0,
    "minResTime" : 83.0,
    "maxResTime" : 9572.0,
    "pct1ResTime" : 1456.900000000001,
    "pct2ResTime" : 2572.199999999997,
    "pct3ResTime" : 5051.339999999998,
    "throughput" : 8.462788865986292,
    "receivedKBytesPerSec" : 81.50019821569218,
    "sentKBytesPerSec" : 1.7581168933185862
  },
  "List Products" : {
    "transaction" : "List Products",
    "sampleCount" : 2010,
    "errorCount" : 0,
    "errorPct" : 0.0,
    "meanResTime" : 3448.8253731343248,
    "medianResTime" : 2815.5,
    "minResTime" : 206.0,
    "maxResTime" : 20558.0,
    "pct1ResTime" : 6914.9000000000015,
    "pct2ResTime" : 8640.9,
    "pct3ResTime" : 12124.63999999999,
    "throughput" : 8.410640087370231,
    "receivedKBytesPerSec" : 979.2368166289548,
    "sentKBytesPerSec" : 1.9301761919257854
  },
  "Home" : {
    "transaction" : "Home",
    "sampleCount" : 2031,
    "errorCount" : 0,
    "errorPct" : 0.0,
    "meanResTime" : 1090.3796159527321,
    "medianResTime" : 1016.0,
    "minResTime" : 84.0,
    "maxResTime" : 9444.0,
    "pct1ResTime" : 1396.5999999999992,
    "pct2ResTime" : 3291.3999999999933,
    "pct3ResTime" : 5612.440000000002,
    "throughput" : 8.509942931845037,
    "receivedKBytesPerSec" : 75.77505825445608,
    "sentKBytesPerSec" : 1.7368926491754029
  }
}