{
  "Look at Product" : {
    "transaction" : "Look at Product",
    "sampleCount" : 1656,
    "errorCount" : 0,
    "errorPct" : 0.0,
    "meanResTime" : 812.9812801932367,
    "medianResTime" : 294.0,
    "minResTime" : 179.0,
    "maxResTime" : 7369.0,
    "pct1ResTime" : 2706.2999999999984,
    "pct2ResTime" : 4077.449999999997,
    "pct3ResTime" : 6196.210000000003,
    "throughput" : 6.947270385581897,
    "receivedKBytesPerSec" : 796.3812842303046,
    "sentKBytesPerSec" : 1.511259423494024
  },
  "Add Product to Cart" : {
    "transaction" : "Add Product to Cart",
    "sampleCount" : 1406,
    "errorCount" : 0,
    "errorPct" : 0.0,
    "meanResTime" : 139.58321479374126,
    "medianResTime" : 121.0,
    "minResTime" : 82.0,
    "maxResTime" : 3431.0,
    "pct1ResTime" : 152.0,
    "pct2ResTime" : 173.0,
    "pct3ResTime" : 854.6300000000122,
    "throughput" : 5.898838692354166,
    "receivedKBytesPerSec" : 56.4076449956367,
    "sentKBytesPerSec" : 1.2270045326869503
  },
  "Total" : {
    "transaction" : "Total",
    "sampleCount" : 13336,
    "errorCount" : 0,
    "errorPct" : 0.0,
    "meanResTime" : 613.1690911817614,
    "medianResTime" : 164.0,
    "minResTime" : 80.0,
    "maxResTime" : 16004.0,
    "pct1ResTime" : 808.9000000000033,
    "pct2ResTime" : 3521.1499999999996,
    "pct3ResTime" : 8630.409999999994,
    "throughput" : 55.6232169372195,
    "receivedKBytesPerSec" : 2764.108932297315,
    "sentKBytesPerSec" : 11.867000493470444
  },
  "Logout" : {
    "transaction" : "Logout",
    "sampleCount" : 1401,
    "errorCount" : 0,
    "errorPct" : 0.0,
    "meanResTime" : 131.32262669521793,
    "medianResTime" : 112.0,
    "minResTime" : 80.0,
    "maxResTime" : 3390.0,
    "pct1ResTime" : 139.0,
    "pct2ResTime" : 152.89999999999986,
    "pct3ResTime" : 924.4800000000014,
    "throughput" : 5.877146249071863,
    "receivedKBytesPerSec" : 52.33185497952857,
    "sentKBytesPerSec" : 1.1995347324765817
  },
  "List Products with different page" : {
    "transaction" : "List Products with different page",
    "sampleCount" : 1443,
    "errorCount" : 0,
    "errorPct" : 0.0,
    "meanResTime" : 328.5980595980597,
    "medianResTime" : 235.0,
    "minResTime" : 145.0,
    "maxResTime" : 10553.0,
    "pct1ResTime" : 296.60000000000014,
    "pct2ResTime" : 365.3999999999994,
    "pct3ResTime" : 2808.239999999993,
    "throughput" : 6.052953908622627,
    "receivedKBytesPerSec" : 695.3027342111445,
    "sentKBytesPerSec" : 1.389105633326482
  },
  "Add Product 2 to Cart" : {
    "transaction" : "Add Product 2 to Cart",
    "sampleCount" : 1404,
    "errorCount" : 0,
    "errorPct" : 0.0,
    "meanResTime" : 140.88390313390303,
    "medianResTime" : 120.5,
    "minResTime" : 84.0,
    "maxResTime" : 4249.0,
    "pct1ResTime" : 146.0,
    "pct2ResTime" : 159.0,
    "pct3ResTime" : 911.0500000000009,
    "throughput" : 5.889978227217237,
    "receivedKBytesPerSec" : 56.322916797764826,
    "sentKBytesPerSec" : 1.2251614867160854
  },
  "Login" : {
    "transaction" : "Login",
    "sampleCount" : 2010,
    "errorCount" : 0,
    "errorPct" : 0.0,
    "meanResTime" : 430.9527363184083,
    "medianResTime" : 140.0,
    "minResTime" : 90.0,
    "maxResTime" : 9220.0,
    "pct1ResTime" : 1012.9000000000001,
    "pct2ResTime" : 1369.8999999999996,
    "pct3ResTime" : 3024.539999999989,
    "throughput" : 8.396936997907032,
    "receivedKBytesPerSec" : 76.8451916569538,
    "sentKBytesPerSec" : 1.724251514634065
  },
  "List Products" : {
    "transaction" : "List Products",
    "sampleCount" : 2006,
    "errorCount" : 0,
    "errorPct" : 0.0,
    "meanResTime" : 2212.972582253244,
    "medianResTime" : 344.5,
    "minResTime" : 190.0,
    "maxResTime" : 16004.0,
    "pct1ResTime" : 7701.899999999999,
    "pct2ResTime" : 9079.199999999999,
    "pct3ResTime" : 10335.300000000001,
    "throughput" : 8.372916162316033,
    "receivedKBytesPerSec" : 966.2055048610706,
    "sentKBytesPerSec" : 1.9215188458440118
  },
  "Home" : {
    "transaction" : "Home",
    "sampleCount" : 2010,
    "errorCount" : 0,
    "errorPct" : 0.0,
    "meanResTime" : 235.46417910447786,
    "medianResTime" : 124.0,
    "minResTime" : 81.0,
    "maxResTime" : 4195.0,
    "pct1ResTime" : 572.9000000000001,
    "pct2ResTime" : 670.0,
    "pct3ResTime" : 997.8899999999999,
    "throughput" : 8.397708804224758,
    "receivedKBytesPerSec" : 74.77569226261849,
    "sentKBytesPerSec" : 1.7139854883622796
  }
}