{
  "Look at Product" : {
    "transaction" : "Look at Product",
    "sampleCount" : 1717,
    "errorCount" : 0,
    "errorPct" : 0.0,
    "meanResTime" : 762.1723937099591,
    "medianResTime" : 293.0,
    "minResTime" : 181.0,
    "maxResTime" : 6679.0,
    "pct1ResTime" : 2628.6000000000004,
    "pct2ResTime" : 3462.1,
    "pct3ResTime" : 5049.859999999999,
    "throughput" : 7.187288085929325,
    "receivedKBytesPerSec" : 823.968982451422,
    "sentKBytesPerSec" : 1.563426306489489
  },
  "Add Product to Cart" : {
    "transaction" : "Add Product to Cart",
    "sampleCount" : 1501,
    "errorCount" : 0,
    "errorPct" : 0.0,
    "meanResTime" : 160.54430379746833,
    "medianResTime" : 121.0,
    "minResTime" : 84.0,
    "maxResTime" : 4047.0,
    "pct1ResTime" : 160.0,
    "pct2ResTime" : 398.0999999999988,
    "pct3ResTime" : 1043.5400000000004,
    "throughput" : 6.315532591682515,
    "receivedKBytesPerSec" : 60.39228040796405,
    "sentKBytesPerSec" : 1.3136801191683356
  },
  "Total" : {
    "transaction" : "Total",
    "sampleCount" : 13013,
    "errorCount" : 0,
    "errorPct" : 0.0,
    "meanResTime" : 377.35502958579826,
    "medianResTime" : 148.0,
    "minResTime" : 80.0,
    "maxResTime" : 21156.0,
    "pct1ResTime" : 413.60000000000036,
    "pct2ResTime" : 1757.199999999997,
    "pct3ResTime" : 4412.720000000001,
    "throughput" : 54.32926549237854,
    "receivedKBytesPerSec" : 2720.044445476597,
    "sentKBytesPerSec" : 11.591180124863792
  },
  "Logout" : {
    "transaction" : "Logout",
    "sampleCount" : 1466,
    "errorCount" : 0,
    "errorPct" : 0.0,
    "meanResTime" : 127.96384720327427,
    "medianResTime" : 111.0,
    "minResTime" : 80.0,
    "maxResTime" : 1584.0,
    "pct1ResTime" : 141.0,
    "pct2ResTime" : 166.64999999999986,
    "pct3ResTime" : 692.5999999999985,
    "throughput" : 6.168943200276045,
    "receivedKBytesPerSec" : 54.930101660270495,
    "sentKBytesPerSec" : 1.2590909461500914
  },
  "List Products with different page" : {
    "transaction" : "List Products with different page",
    "sampleCount" : 1582,
    "errorCount" : 0,
    "errorPct" : 0.0,
    "meanResTime" : 393.59102402022785,
    "medianResTime" : 238.0,
    "minResTime" : 134.0,
    "maxResTime" : 9477.0,
    "pct1ResTime" : 645.9000000000003,
    "pct2ResTime" : 1601.349999999999,
    "pct3ResTime" : 2510.8200000000033,
    "throughput" : 6.622849248545234,
    "receivedKBytesPerSec" : 756.9966142671746,
    "sentKBytesPerSec" : 1.519892161531377
  },
  "Add Product 2 to Cart" : {
    "transaction" : "Add Product 2 to Cart",
    "sampleCount" : 1475,
    "errorCount" : 0,
    "errorPct" : 0.0,
    "meanResTime" : 141.36813559322033,
    "medianResTime" : 118.0,
    "minResTime" : 85.0,
    "maxResTime" : 1598.0,
    "pct1ResTime" : 156.0,
    "pct2ResTime" : 218.80000000000064,
    "pct3ResTime" : 896.6000000000001,
    "throughput" : 6.2063974282372145,
    "receivedKBytesPerSec" : 59.34867540751837,
    "sentKBytesPerSec" : 1.2909791525532488
  },
  "Login" : {
    "transaction" : "Login",
    "sampleCount" : 1757,
    "errorCount" : 0,
    "errorPct" : 0.0,
    "meanResTime" : 211.11212293682433,
    "medianResTime" : 133.0,
    "minResTime" : 90.0,
    "maxResTime" : 3749.0,
    "pct1ResTime" : 415.0,
    "pct2ResTime" : 555.0999999999999,
    "pct3ResTime" : 1301.7800000000007,
    "throughput" : 7.357374962312821,
    "receivedKBytesPerSec" : 66.39201098528945,
    "sentKBytesPerSec" : 1.5060681920727113
  },
  "List Products" : {
    "transaction" : "List Products",
    "sampleCount" : 1751,
    "errorCount" : 0,
    "errorPct" : 0.0,
    "meanResTime" : 956.5733866362068,
    "medianResTime" : 326.0,
    "minResTime" : 189.0,
    "maxResTime" : 8142.0,
    "pct1ResTime" : 3329.6,
    "pct2ResTime" : 4414.2,
    "pct3ResTime" : 6648.520000000001,
    "throughput" : 7.328506257062737,
    "receivedKBytesPerSec" : 840.2834136174821,
    "sentKBytesPerSec" : 1.681834932040765
  },
  "Home" : {
    "transaction" : "Home",
    "sampleCount" : 1764,
    "errorCount" : 0,
    "errorPct" : 0.0,
    "meanResTime" : 167.93424036281155,
    "medianResTime" : 117.0,
    "minResTime" : 80.0,
    "maxResTime" : 21156.0,
    "pct1ResTime" : 289.5,
    "pct2ResTime" : 381.75,
    "pct3ResTime" : 614.2999999999984,
    "throughput" : 7.387182150155785,
    "receivedKBytesPerSec" : 65.77766293468792,
    "sentKBytesPerSec" : 1.5077354193189052
  }
}