{
  "Look at Product" : {
    "transaction" : "Look at Product",
    "sampleCount" : 1719,
    "errorCount" : 0,
    "errorPct" : 0.0,
    "meanResTime" : 451.019197207678,
    "medianResTime" : 273.0,
    "minResTime" : 177.0,
    "maxResTime" : 3584.0,
    "pct1ResTime" : 938.0,
    "pct2ResTime" : 1782.0,
    "pct3ResTime" : 2438.6,
    "throughput" : 7.210691454554607,
    "receivedKBytesPerSec" : 834.2188112819637,
    "sentKBytesPerSec" : 1.5686462204693032
  },
  "Add Product to Cart" : {
    "transaction" : "Add Product to Cart",
    "sampleCount" : 1650,
    "errorCount" : 0,
    "errorPct" : 0.0,
    "meanResTime" : 161.4654545454545,
    "medianResTime" : 122.0,
    "minResTime" : 80.0,
    "maxResTime" : 1608.0,
    "pct1ResTime" : 243.9000000000001,
    "pct2ResTime" : 487.84999999999764,
    "pct3ResTime" : 782.49,
    "throughput" : 6.924742735315348,
    "receivedKBytesPerSec" : 66.21785240645302,
    "sentKBytesPerSec" : 1.440400588498212
  },
  "Total" : {
    "transaction" : "Total",
    "sampleCount" : 13567,
    "errorCount" : 0,
    "errorPct" : 0.0,
    "meanResTime" : 259.99653571165265,
    "medianResTime" : 148.0,
    "minResTime" : 80.0,
    "maxResTime" : 3584.0,
    "pct1ResTime" : 357.0,
    "pct2ResTime" : 773.1999999999971,
    "pct3ResTime" : 1960.2799999999988,
    "throughput" : 56.62897523551927,
    "receivedKBytesPerSec" : 2807.9483212534487,
    "sentKBytesPerSec" : 12.07338709214574
  },
  "Logout" : {
    "transaction" : "Logout",
    "sampleCount" : 1612,
    "errorCount" : 0,
    "errorPct" : 0.0,
    "meanResTime" : 132.59181141439214,
    "medianResTime" : 115.0,
    "minResTime" : 82.0,
    "maxResTime" : 1036.0,
    "pct1ResTime" : 163.0,
    "pct2ResTime" : 235.3499999999999,
    "pct3ResTime" : 595.019999999995,
    "throughput" : 6.76500828839415,
    "receivedKBytesPerSec" : 60.23764216169713,
    "sentKBytesPerSec" : 1.3807487619866967
  },
  "List Products with different page" : {
    "transaction" : "List Products with different page",
    "sampleCount" : 1687,
    "errorCount" : 0,
    "errorPct" : 0.0,
    "meanResTime" : 367.79134558387653,
    "medianResTime" : 231.0,
    "minResTime" : 141.0,
    "maxResTime" : 3043.0,
    "pct1ResTime" : 681.2,
    "pct2ResTime" : 1565.6,
    "pct3ResTime" : 2072.199999999999,
    "throughput" : 7.078272179914826,
    "receivedKBytesPerSec" : 816.9690984459899,
    "sentKBytesPerSec" : 1.6244081662890468
  },
  "Add Product 2 to Cart" : {
    "transaction" : "Add Product 2 to Cart",
    "sampleCount" : 1631,
    "errorCount" : 0,
    "errorPct" : 0.0,
    "meanResTime" : 144.86020846106666,
    "medianResTime" : 123.0,
    "minResTime" : 85.0,
    "maxResTime" : 1173.0,
    "pct1ResTime" : 213.19999999999982,
    "pct2ResTime" : 322.7999999999997,
    "pct3ResTime" : 497.8000000000022,
    "throughput" : 6.8445149458859476,
    "receivedKBytesPerSec" : 65.45067417003436,
    "sentKBytesPerSec" : 1.4237125815172917
  },
  "Login" : {
    "transaction" : "Login",
    "sampleCount" : 1758,
    "errorCount" : 0,
    "errorPct" : 0.0,
    "meanResTime" : 169.30091012514237,
    "medianResTime" : 132.0,
    "minResTime" : 92.0,
    "maxResTime" : 1715.0,
    "pct1ResTime" : 278.0,
    "pct2ResTime" : 421.0,
    "pct3ResTime" : 710.1500000000012,
    "throughput" : 7.343787857268177,
    "receivedKBytesPerSec" : 65.74069638053186,
    "sentKBytesPerSec" : 1.5006327385477847
  },
  "List Products" : {
    "transaction" : "List Products",
    "sampleCount" : 1744,
    "errorCount" : 0,
    "errorPct" : 0.0,
    "meanResTime" : 495.0412844036703,
    "medianResTime" : 305.0,
    "minResTime" : 181.0,
    "maxResTime" : 3259.0,
    "pct1ResTime" : 1291.5,
    "pct2ResTime" : 1837.25,
    "pct3ResTime" : 2490.299999999999,
    "throughput" : 7.302479241949059,
    "receivedKBytesPerSec" : 845.5734894082124,
    "sentKBytesPerSec" : 1.6758619354082311
  },
  "Home" : {
    "transaction" : "Home",
    "sampleCount" : 1766,
    "errorCount" : 0,
    "errorPct" : 0.0,
    "meanResTime" : 143.9416761041905,
    "medianResTime" : 118.0,
    "minResTime" : 82.0,
    "maxResTime" : 1417.0,
    "pct1ResTime" : 230.0,
    "pct2ResTime" : 273.0,
    "pct3ResTime" : 654.6399999999994,
    "throughput" : 7.374403387381669,
    "receivedKBytesPerSec" : 65.663877037252,
    "sentKBytesPerSec" : 1.5051272538698914
  }
}